Código;Classificação;Descrição da conta;Tipo;Saldo Anterior;Natureza SA;Débito;Crédito;Saldo Atual;Natureza SAT
1;1;ATIVO;A;4.942.714,79;D;696.027,37;692.640,36;4.946.101,80;D
2;1.1;ATIVO CIRCULANTE;A;2.210.284,54;D;696.027,37;692.286,76;2.214.025,15;D
3;1.1.1;DISPONÍVEL;A;58.974,20;D;406.242,66;338.693,12;126.523,74;D
4;1.1.10.1;CAIXA;A;755,70;D;0,39;8,03;748,06;D
5;1.1.10.100.1;CAIXA GERAL;D;755,70;D;0,39;8,03;748,06;D
7;1.1.10.2;BANCOS CONTA MOVIMENTO;A;31.871,99;D;406.230,47;338.483,12;99.619,34;D
74521;1.1.10.200.1;BANCO BANRISUL AG 0055 C/C 0603098302;D;0,00;;200,00;165,00;35,00;D
74523;1.1.10.200.1;BANCO DAYCOVAL;D;5.997,62;D;14.259,39;18.721,42;1.535,59;D
74525;1.1.10.200.1;BANCO ITAU AG: 0604 C/C: 99224-8;D;25.031,41;D;391.771,08;319.596,70;97.205,79;D
74524;1.1.10.200.1;SICREDI COOP: 0116 C/C 34548;D;842,96;D;0,00;0,00;842,96;D
56956;1.1.10.3;BANCOS CONTA DE APLICACAO LIQUIDEZ IMEDIATA;A;26.346,51;D;11,80;201,97;26.156,34;D
74527;1.1.10.300.2;APLICACAO BANRISUL;D;493,35;D;0,61;200,09;293,87;D
74526;1.1.10.300.2;APLICACAO BRADESCO;D;1,28;D;0,00;0,00;1,28;D
74528;1.1.10.300.2;APLICACAO DE INVESTIMENTOS TITULO DE CAPITALIZACAO;D;25.000,00;D;0,00;0,00;25.000,00;D
74529;1.1.10.300.2;BANRISUL VIP INVESTIMENTOS;D;631,85;D;7,23;0,00;639,08;D
74548;1.1.10.300.2;ITAU PRIVILEGE RF REF DI;D;220,03;D;3,96;1,88;222,11;D
12;1.1.2;CLIENTES;A;825.987,76;D;270.138,72;337.470,51;758.655,97;D
13;1.1.20.1;CLIENTES DIVERSOS;A;825.987,76;D;270.138,72;337.470,51;758.655,97;D
74424;1.1.20.100.1;A.R RODRIGUEZ E CIA LTDA;A;16.682,07;D;0,00;0,00;16.682,07;D
74425;1.1.20.100.1;ABBOTT DIAGNOSTICOS RAPIDOS S.A;D;2.467,34;D;0,00;0,00;2.467,34;D
74426;1.1.20.100.1;ABBOTT LABORATORIOS DO BRASIL LTDA;D;22.189,80;D;0,00;0,00;22.189,80;D
74427;1.1.20.100.1;ADICAO ERNESTO DORNELES TICKET 11972;D;16.699,51;D;5.926,43;0,00;22.625,94;D
74988;1.1.20.100.1;AMHE MED ASSISTENCIA A SAUDE LTDA;D;32.847,48;D;0,00;32.847,48;0,00;
74428;1.1.20.100.1;ANALISES CLINICAS JAGUARI LTDA;D;381,58;D;0,00;0,00;381,58;D
74429;1.1.20.100.1;ASSOCIACAO CULTURAL E CIENTIFICA VIRVI RAMOS;D;8.504,25;D;1.672,22;1.672,22;8.504,25;D
74430;1.1.20.100.1;ASSOCIACAO DR BARTHOLOMEU TACCHINI;D;8.427,22;D;0,00;0,00;8.427,22;D
74431;1.1.20.100.1;ASSOCIACAO EDUCACIONAL E CARITATIVA;D;4.726,20;D;1.769,43;1.769,43;4.726,20;D
74432;1.1.20.100.1;ASSOCIACAO HOSPITAL DE CARIDADE DE SANTO ANGELO;D;4.744,79;D;1.749,23;3.498,46;2.995,56;D
74433;1.1.20.100.1;ASSOCIACAO HOSPITALAR BENEFICENTE SANTO ANTONIO;D;6.168,77;D;1.602,75;1.602,75;6.168,77;D
74386;1.1.20.100.1;ASSOCIACAO HOSPITALAR BENEFICENTE SAO VICENTE DE;D;1.670,00;D;0,00;0,00;1.670,00;D
74434;1.1.20.100.1;ASSOCIACAO HOSPITALAR CARIDADE SANTA ROSA;D;15.744,42;D;2.817,35;2.817,35;15.744,42;D
63720;1.1.20.100.1;ASSOCIACAO HOSPITALAR VILA NOVA;D;6.047,88;D;2.419,15;0,00;8.467,03;D
74435;1.1.20.100.1;ASSOCIACAO HOSPITALAR VILA NOVA - FL;D;1.032,99;D;871,46;871,46;1.032,99;D
74549;1.1.20.100.1;ASSOCIACAO SAUDE EM MOVIMENTO - ASM;D;10.736,40;D;2.684,10;0,00;13.420,50;D
74436;1.1.20.100.1;BECKMAN COULTER DO BRASIL COMERCIO E IMPORTACAO;D;7.511,66;D;1.375,81;1.375,81;7.511,66;D
74437;1.1.20.100.1;BECTON DICKSON INDUSTRIAS CIRURGICAS LTDA;D;0,00;;2.586,42;2.586,42;0,00;
74438;1.1.20.100.1;BIOCLINICA LTDA;D;1.511,15;D;853,53;853,53;1.511,15;D
74439;1.1.20.100.1;BIOMERIEUX BRASIL INDUSTRIA E COMERCIO DE PRODUTOS;D;142,85;D;0,00;0,00;142,85;D
74440;1.1.20.100.1;BLUT´S CENTRO DE DIAGNOSTICOS E SERVICOS VETERINA;D;1.300,80;D;0,00;0,00;1.300,80;D
74589;1.1.20.100.1;BRINGEL MEDICAL DISTRIBUIDORA DE MEDICAMENTOS;D;0,00;;16.972,14;16.972,14;0,00;
74441;1.1.20.100.1;CAIXA DE ASSISTENCIA DOS SERVIDORES DO ESTADO DE;D;3.769,32;D;0,00;0,00;3.769,32;D
74442;1.1.20.100.1;CASA DE CARIDADE DOM ORIONE;D;9.863,21;D;4.538,32;4.538,32;9.863,21;D
74351;1.1.20.100.1;CDA CENTRO DE DIAGNOSTICOS AVANCADOS LTDA;D;1.811,11;D;1.545,13;3.090,26;265,98;D
75316;1.1.20.100.1;CELER BIOTECNOLOGIA S/A;D;0,00;;21.397,80;0,00;21.397,80;D
74498;1.1.20.100.1;CENTRAL LAB DISTRIBUIDORA DE PRODUTOS PARA SAUDE;D;0,00;;623,74;623,74;0,00;
74443;1.1.20.100.1;CLINICA VITAE LTDA;D;2.036,82;D;1.402,42;1.402,42;2.036,82;D
74444;1.1.20.100.1;CONFERENCIA SAO JOSE DO AVAI;D;5.643,54;D;1.692,23;1.692,23;5.643,54;D
74352;1.1.20.100.1;CQC - TECNOLOGIA EM SISTEMAS DIAGNOSTICOSLTDA;D;5.449,47;D;1.647,78;3.295,56;3.801,69;D
74390;1.1.20.100.1;DB APOIO INTEGRAL - GESTAO DE PARTICIPACOES E ADMI;D;6.480,00;D;0,00;0,00;6.480,00;D
74445;1.1.20.100.1;DIA SORIN X JOINVILLE;D;433,32;D;444,38;444,38;433,32;D
74354;1.1.20.100.1;DIAGNOSTICOS DA AMERICA SA;D;669,04;D;299,88;368,94;599,98;D
74446;1.1.20.100.1;FLEURY S.A;D;290,53;D;278,28;556,58;12,23;D
74448;1.1.20.100.1;FUNDACAO ASSISTENCIAL E BENEFICENTE DE CAMAQUA;D;3.455,09;D;1.125,74;1.158,89;3.421,94;D
74449;1.1.20.100.1;FUNDACAO DE SAUDE SAPUCAIA DO SUL;D;27.934,04;D;0,00;0,00;27.934,04;D
74450;1.1.20.100.1;FUNDACAO DOUTOR AMARAL CARVALHO;D;13.420,42;D;3.900,48;3.900,48;13.420,42;D
74452;1.1.20.100.1;FUNDACAO EDUCACIONAL ALTO MEDIO SAO FRANCISCO;D;1.792,68;D;0,00;0,00;1.792,68;D
74453;1.1.20.100.1;FUNDACAO UNIVERSIDADE DE CAXIAS DO SUL;D;5.739,84;D;1.373,94;1.373,94;5.739,84;D
74454;1.1.20.100.1;FUNDACAO VALE DO TAQUARI DE EDUCACAO E DESENVOL;D;7.898,16;D;0,00;0,00;7.898,16;D
74455;1.1.20.100.1;GENETICA COMERCIO IMPORTACAO E EXPORTACAO LTDA;D;8.766,42;D;1.651,75;1.651,75;8.766,42;D
74456;1.1.20.100.1;HEALTHCARE ALLIANCE SERVICOS E CONSULTORIA EMPR;D;38.799,54;D;42.515,95;69.236,08;12.079,41;D
74457;1.1.20.100.1;HOSPITAL ANA NERY SANTA CRUZ DO SUL;D;6.536,58;D;1.582,10;1.582,10;6.536,58;D
74458;1.1.20.100.1;HOSPITAL DE CLINICAS DE PORTO ALEGRE;D;25.151,79;D;0,00;0,00;25.151,79;D
74459;1.1.20.100.1;HOSPITAL DE PASSO FUNDO HP;D;23.630,17;D;3.843,41;3.843,41;23.630,17;D
74460;1.1.20.100.1;HOSPITAL MILITAR DE AREA DE PORTO ALEGRE;D;0,00;;2.083,50;0,00;2.083,50;D
74461;1.1.20.100.1;HOSPITAL SAO RAFAEL LTDA;D;1.702,40;D;0,00;0,00;1.702,40;D
74987;1.1.20.100.1;INSTITUICAO ADVENTISTA ESTE BRAS DE PRE;D;33.316,75;D;0,00;0,00;33.316,75;D
74462;1.1.20.100.1;INSTITUTO ADMINISTRACAO HOSPITALAR E CIENCIAS DA;D;7.460,80;D;0,00;0,00;7.460,80;D
74463;1.1.20.100.1;INSTITUTO HERMES PARDINI S.A;D;9.469,26;D;1.869,27;1.869,27;9.469,26;D
74464;1.1.20.100.1;JA LABORATORIO DE ANALISES CLINICAS LTDA;D;2.634,77;D;321,50;0,00;2.956,27;D
74465;1.1.20.100.1;LABCLIN LABORATORIO E CLINICA LTDA;D;2.097,00;D;726,61;726,61;2.097,00;D
74466;1.1.20.100.1;LABINBRAZ COMERCIAL LTDA;D;41.643,81;D;13.477,81;14.465,81;40.655,81;D
74369;1.1.20.100.1;LABORATORIO ANDRADAS LTDA;D;2.494,17;D;0,00;0,00;2.494,17;D
74370;1.1.20.100.1;LABORATORIO CENTRAL MERCOSUL LTDA;D;2.400,00;D;299,88;299,88;2.400,00;D
74467;1.1.20.100.1;LABORATORIO DE ANALISES CLINICAS UNIMED VARGINHA;D;15.939,29;D;3.416,71;6.833,42;12.522,58;D
74371;1.1.20.100.1;LABORATORIO FLEMING LTDA;D;6.098,69;D;0,00;0,00;6.098,69;D
74468;1.1.20.100.1;LABORATORIO IBERLEO LTDA;D;2.878,08;D;675,26;675,26;2.878,08;D
74469;1.1.20.100.1;LABORATORIO PEREIRA LTDA;D;4.748,83;D;928,57;928,57;4.748,83;D
74470;1.1.20.100.1;MUNICIPIO DE CAXIAS DO SUL;D;7.992,74;D;4.427,66;4.427,66;7.992,74;D
74471;1.1.20.100.1;MV INFORMATICA NORDESTE LTDA;D;0,00;;671,01;0,00;671,01;
74472;1.1.20.100.1;MV SISTEMAS LTDA;D;0,00;;5.995,92;0,00;5.995,92;
74473;1.1.20.100.1;PASIN LABORATORIO DE ANALISES CLINICAS LTDA;D;191,40;D;0,00;0,00;191,40;D
74372;1.1.20.100.1;PIO SODALICIO DAS DAMAS DE CARIDADE DE CAXIAS DO S;D;12.254,29;D;0,00;0,00;12.254,29;D
74474;1.1.20.100.1;PRO ANALISE LABORATORIO DE ANALISES CLINICAS LTDA;D;1.255,06;D;311,90;311,90;1.255,06;D
74475;1.1.20.100.1;PRO SAUDE - ASSOCIACAO BENEFICENTE DE ASSISTENCIA;D;2.794,39;D;0,00;0,00;2.794,39;D
74476;1.1.20.100.1;PRONTOCLINICA DA CRIANCA LTDA;D;1.485,18;D;585,45;585,45;1.485,18;D
74477;1.1.20.100.1;PRONTOLAB LTDA;D;10.382,43;D;2.575,95;5.151,90;7.806,48;D
74497;1.1.20.100.1;QUIBASA QUIMICA BASICA LTDA;D;9.654,58;D;1.227,72;2.455,44;8.426,86;D
74478;1.1.20.100.1;REAL HOSPITAL PORTUGUES DE BENEFICENCIA EM PERN;D;57.641,54;D;10.678,69;21.357,39;46.962,84;D
74479;1.1.20.100.1;ROCHE DIAGNOSTICA BRASIL LTDA;D;18.037,35;D;7.592,46;7.592,46;18.037,35;D
74480;1.1.20.100.1;SANTA CASA DE BRAGANCA PAULISTA;D;14.695,26;D;5.765,29;8.017,69;12.442,86;D
74481;1.1.20.100.1;SIEMENS HEALTHCARE DIAGNOSTICOS LTDA;D;14.053,83;D;4.629,05;10.913,78;7.769,10;D
74376;1.1.20.100.1;SYSMEX DO BRASIL INDUSTRIA E COMERCIO LTDA;D;1.229,44;D;1.229,44;1.229,44;1.229,44;D
74377;1.1.20.100.1;TOXILAB LABORATORIO DE ANALISE LTDA;D;500,12;D;0,00;0,00;500,12;D
74482;1.1.20.100.1;UNIAO BRASILEIRA DE EDUCACAO E ASSISTENCIA;D;4.368,38;D;9.700,02;4.464,57;9.603,83;D
74378;1.1.20.100.1;UNIMED ALTO DA SERRA - SOCIEDADE COOPERATIVA DE S;D;1.375,99;D;0,00;0,00;1.375,99;D
74483;1.1.20.100.1;UNIMED DE BRUSQUE COOPERATIVA DE TRABALHO MEDIC;D;8.594,27;D;0,00;0,00;8.594,27;D
74484;1.1.20.100.1;UNIMED DE JATAI COOPERATIVA DE TRABALHO MEDICO;D;2.441,05;D;786,02;1.588,02;1.639,05;D
74485;1.1.20.100.1;UNIMED ERECHIM-COOPERATIVA DE SERVICOS DE SAUDE;D;2.945,10;D;3.687,14;3.687,14;2.945,10;D
74486;1.1.20.100.1;UNIMED FRONTEIRA NOROESTE/RS - COOPERATIVA DE AS;D;4.526,57;D;860,17;860,17;4.526,57;D
74379;1.1.20.100.1;UNIMED GOIANIA COOPERATIVA DE TRABALHO MEDICO;D;3,78;D;0,00;0,00;3,78;D
74488;1.1.20.100.1;UNIMED NOROESTE/RS - SOCIEDADE COOPERATIVA DE AS;D;5.667,94;D;1.620,75;1.620,75;5.667,94;D
74489;1.1.20.100.1;UNIMED PELOTAS/RS COOPERATIVA DE ASSISTENCIA A SA;D;4.095,05;D;1.667,99;1.667,99;4.095,05;D
74490;1.1.20.100.1;UNIMED PLANALTO/RS MEDIO COOPERATIVA DE SERV MED;D;1.015,68;D;0,00;0,00;1.015,68;D
74380;1.1.20.100.1;UNIMED PORTO ALEGRE - COOPERATIVA MEDICA LTDA;D;32.221,25;D;11.377,14;0,00;43.598,39;D
74491;1.1.20.100.1;UNIMED REGIAO DA PRODUCAO/RS - COOPERATIVA DE A;D;1.919,94;D;610,22;610,22;1.919,94;D
74492;1.1.20.100.1;UNIMED REGIONAL SUL GOIAS COOPERATIVA DE TRABALH;D;5.488,78;D;1.335,63;2.671,26;4.153,15;D
74493;1.1.20.100.1;UNIMED RIO BRANCO COOPERATIVA DE TRABALHO MEDIO;D;3.315,03;D;0,00;0,00;3.315,03;D
74494;1.1.20.100.1;UNIMED RONDONOPOLIS COOPERATIVA DE TRAB MEDICO;D;8.213,09;D;2.737,80;7.896,93;3.053,96;D
74487;1.1.20.100.1;UNIMED SERRA GAUCHA/RS COOPERATIVA DE ASSISTENCI;D;40.512,56;D;18.486,47;26.837,14;32.161,89;D
75143;1.1.20.100.1;UNIMED VALE DO ACO COOPERATIVA DE TRABALHO;D;3.801,41;D;3.801,41;3.801,41;3.801,41;D
74495;1.1.20.100.1;VITALAB - COMERCIO DE PRODUTOS PARA LABORATORIOS;D;39.339,18;D;10.814,96;21.629,92;28.524,22;D
74384;1.1.20.100.1;WEBMED SOLUCOES EM SAUDE EIRELI;D;1.403,00;D;0,00;0,00;1.403,00;D
74496;1.1.20.100.1;WERFEN MEDICAL LTDA;D;580,00;D;0,00;0,00;580,00;D
18;1.1.3;OUTROS CRÉDITOS - CP;A;1.305.378,66;D;19.645,99;16.123,13;1.308.901,52;D
19;1.1.30.1;OPERACOES MUTUAS;A;259.250,00;D;0,00;0,00;259.250,00;D
74360;1.1.30.100.1;OPERACOES ENTRE EMPRESAS DO MESMO GRUPO;D;259.250,00;D;0,00;0,00;259.250,00;D
24;1.1.30.6;ADIANTAMENTOS A EMPREGADOS;A;1.006.576,08;D;2.553,00;6.045,60;1.003.083,48;D
55039;1.1.30.600.1;ADIANTAMENTO DE FERIAS;D;9.725,83;D;2.553,00;6.045,60;6.233,23;D
74361;1.1.30.602.1;OPERAÇÕES PARTES RELACIONADAS;D;996.850,25;D;0,00;0,00;996.850,25;D
28;1.1.30.8;TRIBUTOS A RECUPERAR / COMPENSAR;A;39.552,58;D;17.092,99;10.077,53;46.568,04;D
31;1.1.30.800.3;IRRF A RECUPERAR;D;23.100,19;D;4.309,93;0,00;27.410,12;D
34;1.1.30.800.6;TRIBUTOS PAGOS A MAIOR OU INDEVIDAMENTE;D;1.131,11;D;0,00;0,00;1.131,11;D
35;1.1.30.800.7;CONTRIBUIÇÃO SOCIAL RETIDO A COMPENSAR;D;14.533,06;D;2.690,24;0,00;17.223,30;D
36;1.1.30.800.8;COFINS RETIDO A COMPENSAR;D;256,20;D;8.070,78;8.070,78;256,20;D
37;1.1.30.800.9;PIS RETIDO A COMPENSAR;D;55,51;D;1.748,72;1.748,72;55,51;D
75332;1.1.30.801.0;FGTS A COMPENSAR;D;0,00;;13,32;0,00;13,32;D
476;1.1.30.801.6;ISSQN A RECUPERAR;D;-37,30;;258,03;258,03;-437,43;D
55030;1.1.30.801.7;IR FONTE - REND APLIC FINANCEIRAS;D;39,08;D;1,97;0,00;41,05;D
65;1.1.6;CUSTOS / DESPESAS ANTECIPADAS;A;19.943,92;D;0,00;0,00;19.943,92;D
66;1.1.60.1;CUSTOS / DESPESAS ANTECIPADAS;A;19.943,92;D;0,00;0,00;19.943,92;D
74364;1.1.60.100.1;SEGUROS A APROPRIAR PROPOSTA 4317951;D;19.943,92;D;0,00;0,00;19.943,92;D
501;1.2;ATIVO NÃO-CIRCULANTE;A;2.732.430,25;D;0,00;353,60;2.732.076,65;D
88;1.2.3;INVESTIMENTOS;A;9.193,90;D;0,00;0,00;9.193,90;D
101;1.2.30.6;OUTROS INVESTIMENTOS;A;9.193,90;D;0,00;0,00;9.193,90;D
74552;1.2.30.600.7;CONSORCIO BRADESCO 700569377 GRUPO:943 COTA 223 I;A;4.233,60;D;0,00;0,00;4.233,60;D
74551;1.2.30.600.7;CONSORCIO BRADESCO 701018642 GRUPO: 10178 COTA: C;D;2.480,15;D;0,00;0,00;2.480,15;D
74550;1.2.30.600.7;CONSORCIO BRADESCO 701018645 GRUPO: 10178 COTA: C;D;2.480,15;D;0,00;0,00;2.480,15;D
111;1.2.4;IMOBILIZADO;A;42.627,10;D;0,00;353,60;42.273,50;D
116;1.2.40.2;MÓVEIS E UTENSÍLIOS;A;14.283,53;D;0,00;0,00;14.283,53;D
74557;1.2.40.200.1;DIREITO USO LINHA APARELHO TELEFONICO;D;1.203,39;D;0,00;0,00;1.203,39;D
117;1.2.40.200.1;MOVEIS E UTENSILIOS - MATRIZ;D;13.080,14;D;0,00;0,00;13.080,14;D
118;1.2.40.3;MÁQUINAS, EQUIPAMENTOS E FERRAMENTAS;A;39.451,92;D;0,00;0,00;39.451,92;D
74558;1.2.40.300.1;COMPUTADORES E PERIFERICOS;D;34.899,51;D;0,00;0,00;34.899,51;D
55075;1.2.40.300.1;INSTALACOES;D;1.476,53;D;0,00;0,00;1.476,53;D
119;1.2.40.300.1;MAQUINAS E EQUIPAMENTOS - MATRIZ;D;3.075,88;D;0,00;0,00;3.075,88;D
124;1.2.40.6;IMOBILIZADO EM ANDAMENTO;A;11.896,14;D;0,00;0,00;11.896,14;D
74554;1.2.40.600.1;ADIANTAMENTO DE CONSORCIO (CONTRATO 70150611 GR;A;2.037,45;D;0,00;0,00;2.037,45;D
74553;1.2.40.600.1;ADIANTAMENTO DE CONSORCIO (CONTRATO 701570611 G;A;1.370,10;D;0,00;0,00;1.370,10;D
74555;1.2.40.600.1;ADIANTAMENTO DE CONSORCIO (CONTRATO 701570979 G;D;499,70;D;0,00;0,00;499,70;D
74556;1.2.40.600.1;AQUISICAO DE BENS ATRAVES DE CONSORCIO BRADESCO;D;7.988,89;D;0,00;0,00;7.988,89;D
125;1.2.40.7;(-) DEPRECIAÇÕES, AMORT. E EXAUS. ACUMUL;A;23.004,49;C;0,00;353,60;23.358,09;C
55214;1.2.40.700.1;(-) DEPRECIACOES DE INSTALACOES;D;803,77;C;0,00;209,93;1.013,70;C
127;1.2.40.700.1;(-) DEPRECIACOES DE MOVEIS E UTENSILIOS;D;5.145,17;C;0,00;70,63;5.215,80;C
128;1.2.40.700.3;(-) DEPRECIACOES DE MAQUINAS, EQUIP. FER;D;17.055,55;C;0,00;73,04;17.128,59;C
502;1.2.5;INTANGÍVEL;A;2.680.609,25;D;0,00;0,00;2.680.609,25;D
123;1.2.50.1;MARCAS, DIREITOS E PATENTES;A;2.680.609,25;D;0,00;0,00;2.680.609,25;D
74559;1.2.50.100.2;DESENVOLVIMENTO DE PROJETOS, PRODUTOS E TECNOLO;D;2.582.422,97;D;0,00;0,00;2.582.422,97;D
74560;1.2.50.100.2;PROJETO INOVACRED BRDE/FINEP;D;98.186,28;D;0,00;0,00;98.186,28;D
149;2;PASSIVO;A;4.942.714,79;C;370.219,23;447.908,87;5.020.404,43;C
150;2.1;PASSIVO CIRCULANTE;A;3.261.137,05;C;370.219,23;358.008,87;3.248.926,69;C
382;2.1.1;EMPRÉSTIMOS E FINANCIAMENTOS - CP;A;1.720.288,36;C;0,00;0,00;1.720.288,36;C
151;2.1.10.1;EMPRÉSTIMOS - CP;A;1.720.288,36;C;0,00;0,00;1.720.288,36;C
74508;2.1.10.100.4;(-) JUROS A TRANSCORRER;A;92.765,24;D;0,00;0,00;92.765,24;D
74561;2.1.10.100.4;EMPRESTIMO BANCO RNX CONTRATO 222030;D;2.849,87;C;0,00;0,00;2.849,87;C
74562;2.1.10.100.4;EMPRESTIMO BANRISUL CONTRATO 21014580;D;21.126,36;C;0,00;0,00;21.126,36;C
74563;2.1.10.100.4;EMPRESTIMO BRADESCO CONTRATO 15.923.783;A;303.129,40;C;0,00;0,00;303.129,40;C
74564;2.1.10.100.4;EMPRESTIMO BRADESCO BNDES CONTRATO 6081863;D;87.499,88;C;0,00;0,00;87.499,88;C
74565;2.1.10.100.4;EMPRESTIMO BRDE/BNDES RS-71546;A;125.000,01;C;0,00;0,00;125.000,01;C
74568;2.1.10.100.4;EMPRESTIMO CONTRATO 267664;A;47.647,84;C;0,00;0,00;47.647,84;C
74566;2.1.10.100.4;EMPRESTIMO PRJETO BRDE;D;11.883,92;C;0,00;0,00;11.883,92;C
74506;2.1.10.100.4;OPERAÇOES DE MUTUO;D;1.207.916,32;C;0,00;0,00;1.207.916,32;C
74567;2.1.10.100.4;PREMIO DE SEGUROS A PAGAR;D;6.000,00;C;0,00;0,00;6.000,00;C
164;2.1.30;FORNECEDORES;A;108.431,16;C;250.049,12;211.059,58;69.441,62;C
165;2.1.30.1;FORNECEDORES DIVERSOS - CP;A;108.431,16;C;250.049,12;211.059,58;69.441,62;C
55382;2.1.30.100.10;ABT COMERCIAL ELETRICA LTDA;D;0,00;;537,08;537,08;0,00;
75154;2.1.30.100.10;AFENGE ENGENHARIA E SISTEMAS DE SEGURANCA;D;460,78;C;460,78;0,00;0,00;
74983;2.1.30.100.10;ALSTEC COMERCIO DE EQUIPAMENTOS ELETRONICOS LTDA;D;1.814,40;C;604,80;0,00;1.209,60;C
74733;2.1.30.100.10;AOVS SISTEMAS DE INFORMATICA S.A.;D;0,00;;410,00;410,00;0,00;
75322;2.1.30.100.10;ARCKIVARE ADMIN E SISTEMAS DE ARQUIVO LTDA;D;0,00;;400,00;400,00;0,00;
74688;2.1.30.100.10;ARETECH SISTEMAS LTDA;D;25.000,00;C;30.427,00;30.427,00;25.000,00;C
75305;2.1.30.100.10;BELLER COMERCIO DE PAPEIS LTDA;D;0,00;;18,48;18,48;0,00;
69320;2.1.30.100.10;BLUE PAPEIS DISTRIBUICAO BRASIL LTDA;D;727,36;C;311,53;623,06;1.038,89;C
74713;2.1.30.100.10;BONOTTO COSTA - COMERCIO DE ALIMENTOS LTDA;D;0,00;;216,00;216,00;0,00;
75141;2.1.30.100.10;CASA LAR SHOP LTDA;D;2.758,59;C;306,55;0,00;2.452,04;C
74690;2.1.30.100.10;CATALISE SOLUCOES EMPRESARIAIS LTDA;D;0,00;;4.880,90;4.880,90;0,00;
74547;2.1.30.100.10;COMERCIAL PRONTO BRINDES LTDA;D;1.982,50;C;0,00;0,00;1.982,50;C
75314;2.1.30.100.10;CONEXO INOVACOES EM SAUDE LTDA;D;0,00;;5.000,00;5.000,00;0,00;
74542;2.1.30.100.10;D4S SERVICOS EM TECNOLOGIA LTDA;D;0,00;;39,89;39,89;0,00;
74537;2.1.30.100.10;DKC FABRICA DE SOFTWARE LTDA;D;0,00;;15.500,00;15.500,00;0,00;
74534;2.1.30.100.10;DOCTORPLUS GESTAO E TREINAMENTO EMPRESARIAL LTD.;D;0,00;;27.236,00;27.236,00;0,00;
74544;2.1.30.100.10;DPOFFICER BRAZIL PRESTACAO DE SERVICOS DE CONSULT;D;450,00;C;450,00;450,00;450,00;C
74986;2.1.30.100.10;FLAJO COMERCIO DE MIUDEZAS LTDA;D;76,68;C;76,68;0,00;0,00;
75150;2.1.30.100.10;GIOVANNY FRAGA DA SILVA;D;1.433,32;C;716,68;0,00;716,64;C
74649;2.1.30.100.10;HEALTHCARE ALLIANCE SERVICOS DE CONSULTORIA EMPR;D;45.157,18;C;43.821,17;16.804,48;18.140,49;C
72604;2.1.30.100.10;HL - SEGURANCA E SAUDE OCUPACIONAL S/S;D;10,23;C;262,99;252,76;0,00;
75139;2.1.30.100.10;HOTEL GP CAMBUI LTDA;D;1.946,00;C;973,00;0,00;973,00;C
74535;2.1.30.100.10;JAD-MS SISTEMAS LTDA;D;9.500,00;C;29.520,67;20.020,67;0,00;
75299;2.1.30.100.10;JADLOG LOGISTICA S.A;D;0,00;;181,40;181,40;0,00;
74689;2.1.30.100.10;JEANINE OLIVA BARNASQUE;D;0,00;;3.690,00;3.690,00;0,00;
75296;2.1.30.100.10;KABUM S.A.;D;0,00;;61,05;610,05;549,00;C
74985;2.1.30.100.10;KALUNGA SA;D;10.076,80;C;1.259,60;0,00;8.817,20;C
75151;2.1.30.100.10;L K MONTAGENS LTDA;D;0,00;;8.100,00;8.100,00;0,00;
74707;2.1.30.100.10;LAB MK4 PUBLICIDADE LTDA;D;0,00;;1.600,00;1.600,00;0,00;
74531;2.1.30.100.10;LEFORTED SISTEMAS LTDA;D;2.687,00;C;28.487,00;28.487,00;2.687,00;C
74996;2.1.30.100.10;LEXY HOTEL - VILA MARIANA LTDA;D;508,20;C;508,20;0,00;0,00;
75140;2.1.30.100.10;LORIVAL DA SILVA VELASQUES;D;1.192,00;C;298,00;0,00;894,00;C
74725;2.1.30.100.10;LUCAS BATISTA VIDAL;D;8,00;C;436,00;428,00;0,00;
74543;2.1.30.100.10;METTA INTEGRADORA EMPRESA ESCOLA SOCIEDADE SIMPI;D;0,00;;123,98;123,98;0,00;
75142;2.1.30.100.10;MIRANDA COMPUTACAO E COMERCIO LTDA;D;1.019,64;C;113,32;0,00;906,32;C
74539;2.1.30.100.10;MOVIDESK LTDA;D;0,00;;2.789,69;2.789,69;0,00;
74708;2.1.30.100.10;OMIEXPERIENCE LTDA.;D;0,00;;1.455,71;1.455,71;0,00;
55825;2.1.30.100.10;PELVALE COMERCIO DE PAPEIS LTDA;D;1.006,34;C;1.654,39;648,05;0,00;
75025;2.1.30.100.10;RAFAEL ESTEFAN CRISTOIU 03437733095;D;0,00;;7.500,00;7.500,00;0,00;
74724;2.1.30.100.10;RAFAEL TRINDADE GIL;D;0,00;;76,00;198,28;122,28;C
74546;2.1.30.100.10;RASTEK SOLUCOES EM TI LTDA;D;616,14;C;674,23;688,09;630,00;C
75323;2.1.30.100.10;RM BARREIRO COMERCIO E ASSISTENCIA TECNICA LTDA;D;0,00;;0,00;2.160,00;2.160,00;C
71991;2.1.30.100.10;RM MONTAGNER- ORGANIZACAO CAPITAL CONTABIL LTDA;D;0,00;;3.638,06;3.638,06;0,00;
75313;2.1.30.100.10;ROSELI SANTOS DE MOURA;D;0,00;;712,66;712,66;0,00;
75298;2.1.30.100.10;RSID COMERCIO E SERVICOS LTDA;D;0,00;;65,00;65,00;0,00;
75320;2.1.30.100.10;SEMOTTO APOIO EMPRESARIAL LTDA;D;0,00;;1.288,56;1.288,56;0,00;
74706;2.1.30.100.10;SWILE DO BRASIL S.A.;D;0,00;;19.806,81;19.806,81;0,00;
74691;2.1.30.100.10;UNIFIQUE TELECOMUNICACOES SA;D;0,00;;249,00;249,00;0,00;
71933;2.1.30.100.12;SULMED ASSISTENCIA MEDICA LTDA;D;0,00;;3.822,92;3.822,92;0,00;
169;2.1.4;OBRIGAÇÕES TRIBUTÁRIAS - CP;A;1.116.142,07;C;20.644,48;20.271,06;1.115.768,65;C
170;2.1.40.1;IMPOSTOS E CONTRIBUIÇÕES A RECOLHER - CP;A;828.893,49;C;20.644,48;20.271,06;828.520,07;C
173;2.1.40.100.3;ISSQN A RECOLHER;D;4.809,53;C;5.067,56;5.477,13;5.219,10;C
479;2.1.40.101.5;SIMPLES NACIONAL A RECOLHER;D;815.553,60;C;0,00;0,00;815.553,60;C
178;2.1.40.102.1;IRRF A RECOLHER - 1708;D;83,69;C;0,00;72,36;72,36;C
55226;2.1.40.104.1;IRRF A RECOLHER - 0561;D;7.347,30;C;4.969,09;4.293,25;6.671,46;C
55227;2.1.40.105.1;IRRF A RECOLHER - 3208;D;778,50;C;383,77;383,77;778,50;C
55225;2.1.40.106.1;IMPOSTOS FED RETIDOS A RECOLHER - 5952;D;151,27;C;0,00;48,84;48,84;C
179;2.1.40.107.1;PIS A RECOLHER - 8109;D;30,16;C;1.778,88;1.780,06;31,34;C
180;2.1.40.108.1;COFINS A RECOLHER - 2172;D;139,44;C;8.210,22;8.215,65;144,87;C
74572;2.1.40.2;PARCELAMENTOS;A;287.248,58;C;0,00;0,00;287.248,58;C
74576;2.1.40.200.1;(-) JUROS PARCELAMENTO SIMPLES NACIONAL 02;A;37.297,53;D;0,00;0,00;37.297,53;D
74574;2.1.40.200.1;JUROS PARCELAMENTO SIMPLES NACIONAL PGFN 0081040;D;4.838,14;D;0,00;0,00;4.838,14;D
74575;2.1.40.200.1;PARCELAMENTO SIMPLES NACIONAL 02;D;180.525,71;C;0,00;0,00;180.525,71;C
74573;2.1.40.200.1;PARCELAMENTO SIMPLES NACIONAL PGFN 008104062;D;148.858,54;C;0,00;0,00;148.858,54;C
185;2.1.5;OBRIGAÇÕES TRABALHISTA E PREVIDENCIÁRIA - CP;A;291.588,33;C;76.538,02;103.690,62;318.740,93;C
186;2.1.50.1;OBRIGAÇÕES C/ PESSOAL - CP;A;105.155,15;C;54.648,00;64.978,00;115.485,15;C
74530;2.1.50.100.1;ESTAGIARIOS A PAGAR;D;1.200,00;C;1.200,00;1.200,00;1.200,00;C
187;2.1.50.100.1;SALARIOS E ORDENADOS A PAGAR;D;32.475,00;C;32.476,00;42.804,00;42.803,00;C
188;2.1.50.100.2;PRO-LABORE A PAGAR;D;13.682,00;C;13.682,00;13.684,00;13.684,00;C
55229;2.1.50.100.4;13 SALARIOS A PAGAR;D;28.930,49;C;0,00;0,00;28.930,49;C
55235;2.1.50.100.5;RESCISOES A PAGAR;D;0,00;;7.290,00;7.290,00;0,00;
57237;2.1.50.100.6;FÉRIAS A PAGAR;D;28.867,66;C;0,00;0,00;28.867,66;C
190;2.1.50.2;OBRIGAÇÕES SOCIAIS - CP;A;98.832,63;C;11.049,71;33.547,00;121.329,92;C
192;2.1.50.200.1;FGTS A RECOLHER;D;4.181,78;C;4.195,10;4.658,80;4.645,48;C
191;2.1.50.200.1;INSS A RECOLHER;D;94.650,85;C;6.854,61;28.888,20;116.684,44;C
193;2.1.50.3;PROVISOES TRABALHISTAS - CP;A;87.600,55;C;10.840,31;5.165,62;81.925,86;C
194;2.1.50.300.1;PROVISÕES P/ FÉRIAS A PAGAR;D;51.570,71;C;0,00;1.536,02;53.106,73;C
195;2.1.50.300.2;PROVISÕES P/ 13º SALÁRIO A PAGAR;D;32.402,05;C;7.212,52;0,00;25.189,53;C
196;2.1.50.300.3;INSS S/ PROVISÕES PARA FÉRIAS;D;2.849,63;C;2.849,63;1.340,84;1.340,84;C
197;2.1.50.300.4;INSS S/ PROVISÕES PARA 13º SALÁRIO;D;0,00;;0,00;1.510,16;1.510,16;C
198;2.1.50.300.5;FGTS S/ PROVISÕES PARA FÉRIAS;D;778,16;C;778,16;366,18;366,18;C
199;2.1.50.300.6;FGTS S/ PROVISÕES PARA 13º SALÁRIO;D;0,00;;0,00;412,42;412,42;C
200;2.1.6;OUTRAS OBRIGAÇÕES - CP;A;24.687,13;C;22.987,61;22.987,61;24.687,13;C
201;2.1.60.1;ADIANTAMENTOS A CLIENTES;A;426,98;C;0,00;0,00;426,98;C
57243;2.1.60.100.1;ADIANTAMENTO DE CLIENTES;D;426,98;C;0,00;0,00;426,98;C
202;2.1.60.2;CONTAS A PAGAR - CP;A;24.260,15;C;4.317,99;4.317,99;24.260,15;C
55231;2.1.60.200.2;ALUGUEIS A PAGAR;D;4.316,23;C;4.317,99;4.317,99;4.316,23;C
74577;2.1.60.200.4;SEGUROS PROPOSTA ( 437951;D;19.943,92;C;0,00;0,00;19.943,92;C
206;2.1.60.6;OUTRAS OBRIGAÇÕES - CP;A;0,00;;18.669,62;18.669,62;0,00;
74533;2.1.60.600.1;RESSARCIMENTOS DIVERSOS;D;0,00;;18.669,62;18.669,62;0,00;
503;2.2;PASSIVO NÃO-CIRCULANTE;A;2.182.901,04;C;0,00;89.900,00;2.272.801,04;C
217;2.2.1;PASSIVO EXIGÍVEL A LONGO PRAZO;A;2.182.901,04;C;0,00;89.900,00;2.272.801,04;C
219;2.2.10.1;EMPRÉSTIMOS - LP;A;1.651.632,11;C;0,00;0,00;1.651.632,11;C
74514;2.2.10.100.1;(-) JUROS A TRANSCORRER - LP;D;242.500,11;D;0,00;0,00;242.500,11;D
74579;2.2.10.100.1;EMPRESTIMO BRADESCO 4;A;450.388,26;C;0,00;0,00;450.388,26;C
74578;2.2.10.100.1;EMPRESTIMO BRDE BNDES;A;374.999,99;C;0,00;0,00;374.999,99;C
74582;2.2.10.100.1;EMPRESTIMO CONTRATO 267664 BANCO RNX;D;117.776,81;C;0,00;0,00;117.776,81;C
74583;2.2.10.100.1;EMPRESTIMO MADRID PARTICIPACOES SA (INVESTIDOR);A;550.000,00;C;0,00;0,00;550.000,00;C
74581;2.2.10.100.1;RECEBIDO EMPRESTIMO DE SOCIO;A;400.967,16;C;0,00;0,00;400.967,16;C
223;2.2.10.4;PARCELAMENTOS;A;324.656,93;C;0,00;0,00;324.656,93;C
74586;2.2.10.400.1;(-) JUROS A TRANSCORRER PARCELAMENTO SIMPLES NACI;A;88.938,75;D;0,00;0,00;88.938,75;D
74584;2.2.10.400.1;(-) JUROS PARCELAMENTO SIMPLES NACIONAL PGFN 00810;D;10.047,78;D;0,00;0,00;10.047,78;D
74585;2.2.10.400.1;PARCELAMENTO SIMPLES NACIONAL 02;D;423.643,46;C;0,00;0,00;423.643,46;C
226;2.2.10.6;OUTROS DÉBITOS - LP;A;206.612,00;C;0,00;89.900,00;296.512,00;C
74716;2.2.10.600.1;Aletheia - CONTA CORRENTE;D;206.612,00;C;0,00;89.900,00;296.512,00;C
242;2.3;PATRIMÔNIO LÍQUIDO;A;501.323,30;D;0,00;0,00;501.323,30;D
243;2.3.1;CAPITAL SOCIAL;A;90.000,00;C;0,00;0,00;90.000,00;C
244;2.3.10.1;CAPITAL SUBSCRITO;A;90.000,00;C;0,00;0,00;90.000,00;C
74588;2.3.10.100.1;LAURA FERNANDA MOYSES RIEGER;D;900,00;C;0,00;0,00;900,00;C
74587;2.3.10.100.1;VLADIMIR FABIAN RIEGER;D;89.100,00;C;0,00;0,00;89.100,00;C
264;2.3.5;LUCROS OU PREJUÍZOS ACUMULADOS;A;591.323,30;D;0,00;0,00;591.323,30;D
265;2.3.50.1;LUCROS OU PREJUÍZOS ACUMULADOS;A;591.323,30;D;0,00;0,00;591.323,30;D
267;2.3.50.100.2;(-) PREJUÍZOS ACUMULADOS;D;591.323,30;D;0,00;0,00;591.323,30;D
269;3;CONTAS DE RESULTADOS - CUSTOS E DESPESAS;A;0,00;;363.203,35;30.067,45;333.135,90;D
500;3.1;CUSTOS;A;0,00;;211.612,18;11.729,07;199.883,11;D
465;3.1.6;CUSTOS DOS SERVIÇOS PRESTADOS;A;0,00;;211.430,78;11.729,07;199.701,71;D
466;3.1.60.1;CUSTOS DOS SERVIÇOS PRESTADOS;A;0,00;;143.134,39;9.500,00;133.634,39;D
467;3.1.60.100.1;CUSTOS COM SERVICOS PRESTADOS;D;0,00;;143.134,39;9.500,00;133.634,39;D
74632;3.1.60.3;DESPESAS C/ PESSOAL - TECNOLOGIA -TI;A;0,00;;68.296,39;2.229,07;66.067,32;D
74833;3.1.60.300.1;13 SALARIO - TI;D;0,00;;1.772,87;0,00;1.772,87;D
74645;3.1.60.300.1;ALIMENTACAO - TI;D;0,00;;0,00;782,00;782,00;C
74643;3.1.60.300.1;ASSISTENCIA MEDICA E SOCIAL - TI;D;0,00;;0,00;181,19;181,19;C
74639;3.1.60.300.1;ESTAGIARIO - TI;D;0,00;;1.200,00;0,00;1.200,00;D
74647;3.1.60.300.1;FERIAS - TI;D;0,00;;8.779,58;0,40;8.779,18;D
74674;3.1.60.300.1;FGTS - TI;A;0,00;;3.357,88;0,00;3.357,88;D
74637;3.1.60.300.1;HORAS EXTRAS - TI;D;0,00;;2.298,12;0,00;2.298,12;D
74673;3.1.60.300.1;INSS - TI;D;0,00;;12.995,37;0,00;12.995,37;D
74635;3.1.60.300.1;QUINQUENIO - TI;D;0,00;;518,27;0,00;518,27;D
74633;3.1.60.300.1;SALARIOS E ORDENADOS - TI;D;0,00;;37.374,30;300,28;37.074,02;D
74641;3.1.60.300.1;VALE TRANSPORTE - TI;D;0,00;;0,00;965,20;965,20;C
468;3.1.7;CUSTOS DAS MERCADORIAS VENDIDAS;A;0,00;;181,40;0,00;181,40;D
469;3.1.70.1;CUSTOS DAS MERCADORIAS VENDIDAS;A;0,00;;181,40;0,00;181,40;D
55170;3.1.70.100.1;FRETES S/COMPRAS;D;0,00;;181,40;0,00;181,40;D
295;3.2;DESPESAS OPERACIONAIS;A;0,00;;151.591,17;18.338,38;133.252,79;D
329;3.2.2;DESPESAS ADMINISTRATIVAS;A;0,00;;151.591,17;18.338,38;133.252,79;D
330;3.2.20.1;DESPESAS C/ PESSOAL - ADMINISTRACAO;A;0,00;;74.061,66;17.248,32;56.813,34;D
331;3.2.20.100.1;SALARIOS E ORDENADOS - ADM;D;0,00;;14.344,63;1,16;14.343,47;D
332;3.2.20.101.1;PRO-LABORE - ADM;D;0,00;;18.161,66;0,02;18.161,64;D
334;3.2.20.102.1;13° SALARIO - ADM;D;0,00;;0,00;7.212,52;7.212,52;C
74677;3.2.20.103.1;COMISSOES - ADM;D;0,00;;338,70;0,00;338,70;D
335;3.2.20.103.1;FERIAS - ADM;D;0,00;;1.861,73;0,00;1.861,73;D
336;3.2.20.104.1;INSS - ADM;D;0,00;;11.197,73;2.849,63;8.348,10;D
337;3.2.20.105.1;FGTS - ADM;D;0,00;;3.409,51;778,16;2.631,35;D
55163;3.2.20.106.1;ADICIONAL DE INSALUBRIDADE - ADM;D;0,00;;303,60;0,00;303,60;D
55165;3.2.20.108.1;HORAS EXTRAS - ADM;D;0,00;;786,00;0,00;786,00;D
339;3.2.20.111.1;ASSISTENCIA MEDICA E SOCIAL - ADM;D;0,00;;4.455,72;5.665,73;1.210,01;C
492;3.2.20.112.1;VALE TRANSPORTE - ADM;D;0,00;;2.389,40;678,10;1.711,30;D
521;3.2.20.113.1;ALIMENTACAO - ADM;D;0,00;;16.689,00;63,00;16.626,00;D
56979;3.2.20.116.1;ESTAGIARIOS - ADM;D;0,00;;123,98;0,00;123,98;D
340;3.2.20.2;ALUGUÉIS E ARRENDAMENTOS - ADM;A;0,00;;4.700,00;0,00;4.700,00;D
341;3.2.20.200.1;ALUGUEIS/CONDOMINIOS DE IMOVEIS - ADM;D;0,00;;4.700,00;0,00;4.700,00;D
345;3.2.20.3;IMPOSTOS, TAXAS E CONTRIBUIÇÕES;A;0,00;;889,23;0,00;889,23;D
348;3.2.20.300.3;IPTU;D;0,00;;889,23;0,00;889,23;D
353;3.2.20.4;DESPESAS GERAIS ADMINISTRATIVAS;A;0,00;;70.904,11;1.090,06;69.814,05;D
57544;3.2.20.400.1;ASSESSORIA ADVOCATICIA;A;0,00;;4.880,90;0,00;4.880,90;D
361;3.2.20.400.1;ASSISTENCIA CONTABIL - ADM;A;0,00;;3.638,06;0,00;3.638,06;D
57575;3.2.20.400.1;COMBUSTIVEL P/ VEICULOS - ADM;A;0,00;;3.428,00;0,00;3.428,00;D
75330;3.2.20.400.1;COMBUSTIVEL P/ VEICULOS - SOC;D;0,00;;816,64;0,00;816,64;D
74545;3.2.20.400.1;CONDOMINIO;D;0,00;;3.992,21;0,00;3.992,21;D
72363;3.2.20.400.1;CONFRATERNIZAÇÕES;D;0,00;;502,02;0,00;502,02;D
56982;3.2.20.400.1;COPA E COZINHA / LIMPEZA - ADM;D;0,00;;1.485,72;1.006,73;478,99;D
357;3.2.20.400.1;CORREIOS E INTERNET - ADM;D;0,00;;75,55;0,00;75,55;D
363;3.2.20.400.1;DEPRECIACOES E AMORTIZACOES - ADM;A;0,00;;353,60;0,00;353,60;D
56981;3.2.20.400.1;DESPESAS C/VEICULOS - ADM;D;0,00;;139,80;0,00;139,80;D
74604;3.2.20.400.1;DESPESAS COM DESLOCAMENTO;D;0,00;;410,78;0,00;410,78;D
74602;3.2.20.400.1;DESPESAS COM HOME OFFICE;D;0,00;;889,81;83,33;806,48;D
74595;3.2.20.400.1;DESPESAS COM PROVEDOR;D;0,00;;3.671,88;0,00;3.671,88;D
74540;3.2.20.400.1;DESPESAS COM REPRESENTAÇAO;D;0,00;;5.800,00;0,00;5.800,00;D
74538;3.2.20.400.1;DESPESAS COM SISTEMA DE SOFTWARE;A;0,00;;7.047,62;0,00;7.047,62;D
74594;3.2.20.400.1;DESPESAS COM VIAGENS;D;0,00;;913,69;0,00;913,69;D
354;3.2.20.400.1;ENERGIA ELETRICA;A;0,00;;998,42;0,00;998,42;D
74532;3.2.20.400.1;ESTACIONAMENTO;D;0,00;;910,00;0,00;910,00;D
74596;3.2.20.400.1;FEIRAS E EVENTOS;D;0,00;;16.770,12;0,00;16.770,12;D
74536;3.2.20.400.1;IMPRESSOS E FOTOCOPIAS;D;0,00;;428,00;0,00;428,00;D
56970;3.2.20.400.1;INFORMATICA - ADM;A;0,00;;2.323,50;0,00;2.323,50;D
56983;3.2.20.400.1;LANCHES E REFEICOES - ADM;A;0,00;;593,73;0,00;593,73;D
75321;3.2.20.400.1;LOCACAO DE ARQUIVOS - ESPAÇO;D;0,00;;400,00;0,00;400,00;D
56984;3.2.20.400.1;MANUTENCAO E CONSERVACAO - ADM;A;0,00;;3.799,74;0,00;3.799,74;D
359;3.2.20.400.1;MATERIAL DE ESCRITORIO - ADM;D;0,00;;65,00;0,00;65,00;D
72703;3.2.20.400.1;MOTOBOY - ADM;D;0,00;;198,28;0,00;198,28;D
74519;3.2.20.400.1;PROPAGANDA E PUBLICIDADE;A;0,00;;2.251,66;0,00;2.251,66;D
358;3.2.20.400.1;SEGUROS - ADM;D;0,00;;524,59;0,00;524,59;D
356;3.2.20.400.1;TELEFONES - ADM;D;0,00;;3.594,79;0,00;3.594,79;D
367;3.2.20.5;DESPESAS FINANCEIRAS;A;0,00;;1.036,17;0,00;1.036,17;D
372;3.2.20.500.5;JUROS / IOF PAGOS;D;0,00;;135,63;0,00;135,63;D
56985;3.2.20.500.9;DESPESAS BANCARIAS;D;0,00;;900,54;0,00;900,54;D
402;4;CONTAS DE RESULTADO - RECEITAS;A;0,00;;15.472,84;274.306,11;258.833,27;C
403;4.1;RECEITAS OPERACIONAIS;A;0,00;;15.472,84;274.306,11;258.833,27;C
404;4.1.1;RECEITA BRUTA DE VENDAS E SERVIÇOS;A;0,00;;0,00;273.854,94;273.854,94;C
410;4.1.10.2;RECEITA DE PRESTAÇÃO DE SERVIÇOS;A;0,00;;0,00;273.854,94;273.854,94;C
411;4.1.10.200.1;SERVIÇOS PRESTADOS;D;0,00;;0,00;273.854,94;273.854,94;C
413;4.1.2;(-) DEDUÇÕES DA RECEITA BRUTA;A;0,00;;15.472,84;0,00;15.472,84;D
424;4.1.20.3;(-) IMPOSTOS SOBRE VENDAS E SERVIÇOS;A;0,00;;15.472,84;0,00;15.472,84;D
428;4.1.20.300.1;(-) COFINS S/ FATURAMENTO;D;0,00;;8.215,65;0,00;8.215,65;D
427;4.1.20.300.1;(-) ISSQN S/ SERVICOS;D;0,00;;5.477,13;0,00;5.477,13;D
429;4.1.20.300.1;(-) PIS S/ FATURAMENTO;D;0,00;;1.780,06;0,00;1.780,06;D
430;4.1.3;RECEITAS FINANCEIRAS;A;0,00;;0,00;451,17;451,17;C
431;4.1.30.1;JUROS E DESCONTOS RECEBIDOS;A;0,00;;0,00;451,17;451,17;C
433;4.1.30.100.1;JUROS RECEBIDOS;D;0,00;;0,00;439,20;439,20;C
432;4.1.30.100.1;RENDIMENTOS DE APLICACOES FINANCEIRAS;D;0,00;;0,00;11,97;11,97;C
